{
    "version": "0.2.0",
    "configurations": [
        {
            "name": ".NET Core Launch (web)",
            "type": "coreclr",
            "request": "launch",
            "preLaunchTask": "build",
            "program": "${workspaceFolder}/NetCoreWebApi/NetCoreWebApi/bin/Debug/net6.0/NetCoreWebApi.dll",
            "args": [],
            "cwd": "${workspaceFolder}/NetCoreWebApi/NetCoreWebApi",
            "stopAtEntry": false,
            "serverReadyAction": {
                "action": "openExternally",
                "pattern": "\\bNow listening on:\\s+(https?://\\S+)"
            },
            "env": {
                "ASPNETCORE_ENVIRONMENT": "Development"
            },
            "sourceFileMap": {
                "/Views": "${workspaceFolder}/Views"
            }
        },
        {
            "name": ".NET Core Attach",
            "type": "coreclr",
            "request": "attach"
        },
        {
            "name": "Docker .NET Launch",
            "type": "docker",
            "request": "launch",
            "preLaunchTask": "docker-run: debug",
            "netCore": {
                "appProject": "${workspaceFolder}/e2e/apps/checkout/checkout.csproj"
            }
        },
        {
            "name": "Docker: Python - Flask",
            "type": "docker",
            "request": "launch",
            "preLaunchTask": "docker-run: debug",
            "python": {
                "pathMappings": [
                    {
                        "localRoot": "${workspaceFolder}",
                        "remoteRoot": "/app"
                    }
                ],
                "projectType": "flask"
            }
        },
        {
            "name": "Docker Node.js Launch",
            "type": "docker",
            "request": "launch",
            "preLaunchTask": "docker-run: debug",
            "platform": "node",
            "node": {
                "package": "${workspaceFolder}/e2e/apps/cart/package.json",
                "localRoot": "${workspaceFolder}/e2e/apps/cart"
            }
        }
    ]
}