﻿{
  "$schema": "https://schema.management.azure.com/schemas/2015-01-01/deploymentTemplate.json#",
  "contentVersion": "1.0.0.0",
  "parameters": {
    "vNetName": {
      "type": "string",
      "defaultValue":  "workshopVnet"
    },
    "AdminUserName": {
      "type": "string",
      "defaultValue":  "sysadmin"
    },
    "AdminUserPassword": {
      "type": "securestring",
      "defaultValue":  "Password$123"
    },
    "DevWorkstationOSVersion": {
      "type": "string",
      "defaultValue": "VS-2017-Comm-Latest-WS2016",
      "allowedValues": [
        "VS-2017-Comm-Latest-WS2016",
        "VS-2017-Ent-Latest-WS2016"
      ]
    },
    "DevWorkstationName": {
      "type": "string",
      "defaultValue":  "vmdev01"
    },
    "WebSrvName": {
      "type": "string",
      "defaultValue":  "vmweb01"
    },
    "SqlSrvName": {
      "type": "string",
      "defaultValue": "vmsql01"
    },
    "dbLoginName": {
      "type": "string",
      "defaultValue": "workshopServiceAcc"
    },
    "dbUserName": {
      "type": "string",
      "defaultValue": "workshopServiceAcc"
    },
    "dbUserPassword": {
      "type": "securestring",
      "defaultValue": "Password$123"
    },
    "databaseName": {
      "type": "string",
      "defaultValue": "partsUnlimitedDB"
    },
    "dbUserDatabaseRole": {
      "type": "string",
      "defaultValue": "db_owner"
    },
    "sqlSchemaScript": {
      "type": "string",
      "defaultValue": "https://raw.githubusercontent.com/karlrissland/AppWorkshop/master/IaaS2PaaSWeb/PartsUnlimitedDatabase/Migrations/0001_20170912-1438_karlriss.sql"
    },
    "sqlDataScript": {
      "type": "string",
      "defaultValue": "https://raw.githubusercontent.com/karlrissland/AppWorkshop/master/IaaS2PaaSWeb/PartsUnlimitedDatabase/Post-Deployment/01_Finalize_Deployment.sql"
    },
    "repoUri": {
      "type": "string",
      "defaultValue": "https://github.com/karlrissland/AppWorkshop.git"
    },
    "_artifactsLocation": {
      "type": "string",
      "defaultValue": "[uri(deployment().properties.templateLink.uri, '.')]"
    },
    "_artifactsLocationSasToken": {
      "defaultValue": "",
      "type": "securestring"
    }
  },
  "variables": {
    "srvStorageType": "Standard_LRS",
    "WebSrvOSVersion": "2016-Datacenter",
    "TemplateFolder": "nestedtemplates",
    "vNetTemplateFileName": "vNet.json",
    "DevWorkstationTemplateFileName": "VsDevWorkstation.json",
    "WebSrvTemplateFileName": "WebSrv.json",
    "SqlSrvTemplateFileName": "SqlSrv.json"
  },
  "resources": [
    {
      "name": "vNetDeploy",
      "type": "Microsoft.Resources/deployments",
      "apiVersion": "2016-09-01",
      "dependsOn": [],
      "properties": {
        "mode": "Incremental",
        "templateLink": {
          "uri": "[concat(parameters('_artifactsLocation'), '/', variables('TemplateFolder'), '/', variables('vNetTemplateFileName'), parameters('_artifactsLocationSasToken'))]",
          "contentVersion": "1.0.0.0"
        },
        "parameters": {
          "vNetName": { "value": "[parameters('vNetName')]" }
        }
      }
    },
    {
      "name": "DevWorkstation",
      "type": "Microsoft.Resources/deployments",
      "apiVersion": "2016-09-01",
      "dependsOn": [ "vNetDeploy", "WebSrv", "SqlSrv" ],
      "properties": {
        "mode": "Incremental",
        "templateLink": {
          "uri": "[concat(parameters('_artifactsLocation'), '/', variables('TemplateFolder'), '/', variables('DevWorkstationTemplateFileName'), parameters('_artifactsLocationSasToken'))]",
          "contentVersion": "1.0.0.0"
        },
        "parameters": {
          "VsDevWorkstationStorageType": { "value": "[variables('srvStorageType')]" },
          "VsDevWorkstationName": { "value": "[parameters('DevWorkstationName')]" },
          "AdminUserName": { "value": "[parameters('AdminUserName')]" },
          "AdminUserPassword": { "value": "[parameters('AdminUserPassword')]" },
          "VsDevWorkstationWindowsOSVersion": { "value": "[parameters('DevWorkstationOSVersion')]" },
          "virtualNetworkName": { "value": "[parameters('vNetName')]" },
          "virtualNetworkResourceGroup": { "value": "[resourceGroup().name]" },
          "repoUri": { "value": "[parameters('repoUri')]" },
          "webSrvUri" : { "value": "[ reference('WebSrv').outputs.webSrvUri.value ]" },
          "dbSrvUri": { "value": "[ reference('SqlSrv').outputs.sqlSrvUri.value ]" },
          "dbName": {"value": "[parameters('databaseName')]"},
          "dbUserName": {"value": "[parameters('dbUserName')]"},
          "dbUserPassword": {"value": "[parameters('dbUserPassword')]"},
          "_artifactsLocation": { "value": "[parameters('_artifactsLocation')]" },
          "_artifactsLocationSasToken": { "value": "[parameters('_artifactsLocationSasToken')]" }
        }
      }
    },
    {
      "name": "WebSrv",
      "type": "Microsoft.Resources/deployments",
      "apiVersion": "2016-09-01",
      "dependsOn": [ "vNetDeploy" ],
      "properties": {
        "mode": "Incremental",
        "templateLink": {
          "uri": "[concat(parameters('_artifactsLocation'), '/', variables('TemplateFolder'), '/', variables('WebSrvTemplateFileName'), parameters('_artifactsLocationSasToken'))]",
          "contentVersion": "1.0.0.0"
        },
        "parameters": {
          "WebSrvStorageType": { "value": "[variables('srvStorageType')]" },
          "WebSrvName": { "value": "[parameters('WebSrvName')]" },
          "WebSrvAdminUserName": { "value": "[parameters('AdminUserName')]" },
          "WebSrvAdminPassword": { "value": "[parameters('AdminUserPassword')]" },
          "WebSrvWindowsOSVersion": { "value": "[variables('WebSrvOSVersion')]" },
          "virtualNetworkName": { "value": "[parameters('vNetName')]" },
          "virtualNetworkResourceGroup": { "value": "[resourceGroup().name]" },
          "_artifactsLocation": { "value": "[parameters('_artifactsLocation')]" },
          "_artifactsLocationSasToken": { "value": "[parameters('_artifactsLocationSasToken')]" }
        }
      }
    },
    {
      "name": "SqlSrv",
      "type": "Microsoft.Resources/deployments",
      "apiVersion": "2016-09-01",
      "dependsOn": [ "vNetDeploy" ],
      "properties": {
        "mode": "Incremental",
        "templateLink": {
          "uri": "[concat(parameters('_artifactsLocation'), '/', variables('TemplateFolder'), '/', variables('SqlSrvTemplateFileName'), parameters('_artifactsLocationSasToken'))]",
          "contentVersion": "1.0.0.0"
        },
        "parameters": {
          "virtualMachineName": { "value": "[parameters('SqlSrvName')]" },
          "adminUsername": { "value": "[parameters('AdminUserName')]" },
          "virtualNetworkName": { "value": "[parameters('vNetName')]" },
          "virtualNetworkResourceGroup": { "value": "[resourceGroup().name]" },
          "adminPassword": { "value": "[parameters('AdminUserPassword')]" },
          "SqlSrvStorageType": { "value": "[variables('srvStorageType')]" },
          "dbLoginName": { "value": "[parameters('dbLoginName')]" },
          "dbUserName": { "value": "[parameters('dbUserName')]" },
          "dbUserPassword": { "value": "[parameters('dbUserPassword')]" },
          "databaseName": { "value": "[parameters('databaseName')]" },
          "dbUserDatabaseRole": { "value": "[parameters('dbUserDatabaseRole')]" },
          "sqlSchemaScript": { "value": "[parameters('sqlSchemaScript')]" },
          "sqlDataScript": { "value": "[parameters('sqlDataScript')]" },
          "_artifactsLocation": { "value": "[parameters('_artifactsLocation')]" },
          "_artifactsLocationSasToken": { "value": "[parameters('_artifactsLocationSasToken')]" }
        }
      }
    }
  ],
  "outputs": {
  }
}
