{
  "name": "modal",
  "type": "components:ui",
  "files": [
    {
      "name": "assistant-ui/assistant-modal.tsx",
      "content": "\"use client\";\n\nimport { BotIcon, ChevronDownIcon } from \"lucide-react\";\n\nimport { type FC, forwardRef } from \"react\";\nimport { AssistantModalPrimitive } from \"@assistant-ui/react\";\n\nimport { MyThread } from \"@/components/ui/assistant-ui/thread\";\nimport { TooltipIconButton } from \"@/components/ui/assistant-ui/tooltip-icon-button\";\n\nexport const MyAssistantModal: FC = () => {\n  return (\n    <AssistantModalPrimitive.Root>\n      <AssistantModalPrimitive.Anchor className=\"fixed bottom-4 right-4 size-11\">\n        <AssistantModalPrimitive.Trigger asChild>\n          <FloatingAssistantButton />\n        </AssistantModalPrimitive.Trigger>\n      </AssistantModalPrimitive.Anchor>\n      <AssistantModalPrimitive.Content\n        sideOffset={16}\n        className=\"bg-popover text-popover-foreground data-[state=closed]:animate-out data-[state=open]:animate-in data-[state=closed]:fade-out-0 data-[state=open]:fade-in-0 data-[state=closed]:zoom-out data-[state=open]:zoom-in data-[state=open]:slide-in-from-bottom-1/2 data-[state=open]:slide-in-from-right-1/2 data-[state=closed]:slide-out-to-bottom-1/2 data-[state=closed]:slide-out-to-right-1/2 z-50 h-[500px] w-[400px] overflow-clip rounded-xl border p-0 shadow-md outline-none [&>div]:bg-inherit\"\n      >\n        <MyThread />\n      </AssistantModalPrimitive.Content>\n    </AssistantModalPrimitive.Root>\n  );\n};\n\ntype FloatingAssistantButtonProps = { \"data-state\"?: \"open\" | \"closed\" };\n\nconst FloatingAssistantButton = forwardRef<\n  HTMLButtonElement,\n  FloatingAssistantButtonProps\n>(({ \"data-state\": state, ...rest }, ref) => {\n  const tooltip = state === \"open\" ? \"Close Assistant\" : \"Open Assistant\";\n\n  return (\n    <TooltipIconButton\n      variant=\"default\"\n      tooltip={tooltip}\n      side=\"left\"\n      {...rest}\n      className=\"size-full rounded-full shadow transition-transform hover:scale-110 active:scale-90\"\n      ref={ref}\n    >\n      <BotIcon\n        data-state={state}\n        className=\"absolute size-6 transition-all data-[state=closed]:rotate-0 data-[state=open]:rotate-90 data-[state=closed]:scale-100 data-[state=open]:scale-0\"\n      />\n\n      <ChevronDownIcon\n        data-state={state}\n        className=\"absolute size-6 transition-all data-[state=closed]:-rotate-90 data-[state=open]:rotate-0 data-[state=closed]:scale-0 data-[state=open]:scale-100\"\n      />\n      <span className=\"sr-only\">{tooltip}</span>\n    </TooltipIconButton>\n  );\n});\n\nFloatingAssistantButton.displayName = \"FloatingAssistantButton\";\n"
    }
  ],
  "registryDependencies": [
    "thread",
    "tooltip-icon-button"
  ],
  "dependencies": [
    "@assistant-ui/react",
    "lucide-react"
  ]
}