{
  "name": "sidebar",
  "type": "components:ui",
  "files": [
    {
      "name": "assistant-ui/assistant-sidebar.tsx",
      "content": "\"use client\";\n\nimport {\n  ResizableHandle,\n  ResizablePanel,\n  ResizablePanelGroup,\n} from \"@/components/ui/resizable\";\nimport type { FC, PropsWithChildren } from \"react\";\n\nimport { MyThread } from \"@/components/ui/assistant-ui/thread\";\n\nexport const MyAssistantSidebar: FC<PropsWithChildren> = ({ children }) => {\n  return (\n    <ResizablePanelGroup direction=\"horizontal\">\n      <ResizablePanel>{children}</ResizablePanel>\n      <ResizableHandle />\n      <ResizablePanel>\n        <MyThread />\n      </ResizablePanel>\n    </ResizablePanelGroup>\n  );\n};\n"
    }
  ],
  "registryDependencies": [
    "thread",
    "resizable"
  ],
  "dependencies": [
    "@assistant-ui/react",
    "lucide-react"
  ]
}