{
  "name": "tooltip-icon-button",
  "type": "components:ui",
  "files": [
    {
      "name": "assistant-ui/tooltip-icon-button.tsx",
      "content": "\"use client\";\n\nimport { forwardRef } from \"react\";\n\nimport {\n  Tooltip,\n  TooltipContent,\n  TooltipProvider,\n  TooltipTrigger,\n} from \"@/components/ui/tooltip\";\nimport { Button, ButtonProps } from \"@/components/ui/button\";\nimport { cn } from \"@/lib/utils\";\n\nexport type TooltipIconButtonProps = ButtonProps & {\n  tooltip: string;\n  side?: \"top\" | \"bottom\" | \"left\" | \"right\";\n};\n\nexport const TooltipIconButton = forwardRef<\n  HTMLButtonElement,\n  TooltipIconButtonProps\n>(({ children, tooltip, side = \"bottom\", className, ...rest }, ref) => {\n  return (\n    <TooltipProvider>\n      <Tooltip>\n        <TooltipTrigger asChild>\n          <Button\n            variant=\"ghost\"\n            size=\"icon\"\n            {...rest}\n            className={cn(\"size-6 p-1\", className)}\n            ref={ref}\n          >\n            {children}\n            <span className=\"sr-only\">{tooltip}</span>\n          </Button>\n        </TooltipTrigger>\n        <TooltipContent side={side}>{tooltip}</TooltipContent>\n      </Tooltip>\n    </TooltipProvider>\n  );\n});\n\nTooltipIconButton.displayName = \"TooltipIconButton\";\n"
    }
  ],
  "registryDependencies": [
    "button",
    "tooltip"
  ],
  "dependencies": [
    "@assistant-ui/react",
    "lucide-react"
  ]
}