{
    "name": "Recommenders",
    "build": {
        "dockerfile": "../tools/docker/Dockerfile",
        "context": "..",
        "target": "deps",
        "args": {
            "COMPUTE": "cpu",
            "PYTHON_VERSION": "3.11"
        }
    },
    "customizations": {
        "vscode": {
            // Set default container specific settings.json values on container
            // create
            "settings": {
                "[python]": {
                    "editor.defaultFormatter": "ms-python.black-formatter",
                    "editor.formatOnSave": true,
                    "editor.codeActionsOnSave": {
                        "source.organizeImports": "explicit"
                    }
                },
                "isort.args": ["--profile", "black"],
                "python.analysis.autoImportCompletions": true,
                // Conda env name *must* align with the one in Dockerfle
                "python.defaultInterpreterPath": "/root/conda/envs/Recommenders/bin/python",
                "python.testing.pytestEnabled": true,
                // Test directory
                "python.testing.pytestArgs": ["tests"]
            },
            // VS Code extensions to install on container create
            "extensions": [
                // https://marketplace.visualstudio.com/items?itemName=ms-python.black-formatter
                "ms-python.black-formatter",
                // https://marketplace.visualstudio.com/items?itemName=ms-python.isort
                "ms-python.isort",
                // https://marketplace.visualstudio.com/items?itemName=ms-python.mypy-type-checker
                "ms-python.mypy-type-checker",
                // https://marketplace.visualstudio.com/items?itemName=ms-python.pylint
                "ms-python.pylint",
                // https://marketplace.visualstudio.com/items?itemName=ms-python.python
                "ms-python.python",
                // https://marketplace.visualstudio.com/items?itemName=ms-toolsai.datawrangler
                "ms-toolsai.datawrangler",
                // https://marketplace.visualstudio.com/items?itemName=ms-toolsai.jupyter
                "ms-toolsai.jupyter"
            ]
        }
    },

    // Install Recommenders in development mode after container create
    "postCreateCommand": "bash -i -c 'conda activate Recommenders && conda install -c conda-forge -y openjdk=21 && pip install -e .[dev,spark]'"
}
